group_id,type,match,path
1,md5,fb4b5851bfc3d85f3f81f308e4f6aa63,/home/deepak/Downloads/Discussion with praveen regarding using ai in ui development.mp4
1,md5,fb4b5851bfc3d85f3f81f308e4f6aa63,/home/deepak/Downloads/hello.mp4
2,md5,b1bc221be97afafc8315a4088be35548,/home/deepak/Downloads/dm.mp4
2,md5,b1bc221be97afafc8315a4088be35548,/home/deepak/Downloads/hii.mp4
3,md5,5b56fde6538eeb3157b3dbc5571f8bc8,/home/deepak/Downloads/IMG_1783.PNG
3,md5,5b56fde6538eeb3157b3dbc5571f8bc8,/home/deepak/Downloads/IMG_1783 (1).PNG
4,md5,e87a161b7c8b6a7e507fd2241d544fe6,/home/deepak/Downloads/WhatsApp Audio 2026-02-11 at 10.00.11 PM.mp4
4,md5,e87a161b7c8b6a7e507fd2241d544fe6,/home/deepak/Downloads/cat.mp4
5,md5,8113982c5d21463ee1d81dc095c3c4a7,/home/deepak/Downloads/toucan-ui/assets/AiIcon-white-BGUDvjVr.png
5,md5,8113982c5d21463ee1d81dc095c3c4a7,/home/deepak/Downloads/toucan-ui/resources/images/AiIcon-white.png
6,md5,db539150f25b1287de392b60ce902443,/home/deepak/Downloads/toucan-ui/assets/infinity-BlKOk8ut.gif
6,md5,db539150f25b1287de392b60ce902443,/home/deepak/Downloads/toucan-ui/resources/images/infinity.gif
