path,size_bytes,mtime_utc,extension,md5,phash,error
/home/deepak/Downloads/screencapture-play-google-console-u-0-developers-9114351299386929076-app-4973076503822916717-app-content-content-rating-iarc-questionnaire-2026-03-23-16_47_20.png,701525,2026-03-23T11:17:55.401219+00:00,.png,772924bde6ed67e2423ea5a2225b3059,,
/home/deepak/Downloads/discussion with anil and sameer regarding finops ui requirements.mp4,16807461,2026-03-02T09:41:49.226908+00:00,.mp4,eeec5d5c5bcdebc94b73d90150ec7abc,,
/home/deepak/Downloads/Discussion with praveen regarding using ai in ui development.mp4,15729537,2026-02-22T16:15:15.393077+00:00,.mp4,fb4b5851bfc3d85f3f81f308e4f6aa63,,
/home/deepak/Downloads/screencapture-play-google-console-u-0-developers-9114351299386929076-app-4973076503822916717-app-content-content-rating-iarc-questionnaire-2026-03-23-16_56_11.png,618519,2026-03-23T11:26:17.240270+00:00,.png,473871e51ada01bb7959c247a407b40b,,
/home/deepak/Downloads/screencapture-play-google-console-u-0-developers-9114351299386929076-app-4973076503822916717-app-content-content-rating-iarc-questionnaire-2026-03-23-22_53_06.png,475327,2026-03-23T17:23:14.393752+00:00,.png,0de944fab913fb57eff8e0b0778e8948,,
/home/deepak/Downloads/Gemini_Generated_Image_s2efvis2efvis2ef.png,6863652,2026-04-03T03:47:46.467107+00:00,.png,df1b98d0e87021bcad155a0f16c728d9,,
/home/deepak/Downloads/Untitled.png,3674784,2026-04-03T03:50:22.652312+00:00,.png,679c3fe6d2d4c157c1347ac0e2b4272f,,
/home/deepak/Downloads/homeScreenImg.png,387003,2026-02-15T10:22:27.963433+00:00,.png,7c12792775d4452b6b4a76a5a5db2424,,
/home/deepak/Downloads/DiplomaFinalMarksheet.jpg,3228832,2026-05-08T06:49:26.493484+00:00,.jpg,6145af4a39c41ad91ee6e638506f890e,,
/home/deepak/Downloads/ai-generated-1771065540730.png,251282,2026-02-14T10:39:00.741045+00:00,.png,7a20bf93be81d1456122f4130703b981,,
/home/deepak/Downloads/image.png,93700,2026-03-16T10:06:37.358225+00:00,.png,e4d51666bb79eba44051a1234c266273,,
/home/deepak/Downloads/screencapture-play-google-console-u-0-developers-9114351299386929076-app-4973076503822916717-app-content-content-rating-iarc-questionnaire-2026-03-23-16_56_33.png,461080,2026-03-23T11:26:37.992511+00:00,.png,6529027411f84655eef4c472da244e0f,,
/home/deepak/Downloads/flowChart1.png,696443,2026-04-13T08:16:33.527571+00:00,.png,4877548d043eb441f538cb7d04408d78,,
/home/deepak/Downloads/icons8-rating-100.png,1713,2026-02-14T10:02:21.910647+00:00,.png,161cd02a826ae314806ae6dbb735b7a7,,
/home/deepak/Downloads/icons8-unchecked-checkbox-100 (3).png,1406,2026-04-03T04:08:35.304980+00:00,.png,a8618e07422e581ea141b22f86b89c20,,
/home/deepak/Downloads/pngfind.com-video-frame-png-6280886.png,90123,2026-03-08T17:05:00.206254+00:00,.png,74a177f8982742c68c666dfe2d11c18a,,
/home/deepak/Downloads/WhatsApp Image 2026-02-21 at 11.54.22 PM.jpeg,51605,2026-02-21T19:03:50.672429+00:00,.jpeg,1f44d6176511865546555f1a08925e4f,,
/home/deepak/Downloads/Gemini_Generated_Image_cv8ov9cv8ov9cv8o.png,7438469,2026-02-08T13:56:39.007524+00:00,.png,4cd1705de429e6523d8b9582228d2032,,
/home/deepak/Downloads/screencapture-play-google-console-u-0-developers-9114351299386929076-app-4973076503822916717-app-content-content-rating-iarc-questionnaire-2026-03-23-22_52_33.png,589370,2026-03-23T17:22:40.445525+00:00,.png,1243a4eef7cb5c925c66f16fda90f5f7,,
/home/deepak/Downloads/dm.mp4,212436,2026-02-11T19:10:39.623302+00:00,.mp4,b1bc221be97afafc8315a4088be35548,,
/home/deepak/Downloads/ai-generated-1771064850972-modified.png,834042,2026-02-14T10:36:20.315071+00:00,.png,968af1a35cba9c60cde40c557ca53fdd,,
/home/deepak/Downloads/Gemini_Generated_Image_g75xng75xng75xng.png,6638078,2026-03-03T06:57:11.765418+00:00,.png,90ef4687ff15ab7a98b4709ddf0b62c6,,
/home/deepak/Downloads/ai-generated-1770559930380.png,129732,2026-02-08T14:12:10.387341+00:00,.png,ea074b52415c5b7f6a0fd66bf8f27a63,,
/home/deepak/Downloads/Adobe Express - file (2).png,1070329,2026-03-24T18:05:07.880887+00:00,.png,1100d1ebbc841499b3ac831bfae72128,,
/home/deepak/Downloads/Gemini_Generated_Image_kfp7ubkfp7ubkfp7.png,7176709,2026-03-25T16:22:30.061864+00:00,.png,0672769c1b766e6af63853aa700537e1,,
/home/deepak/Downloads/icons8-checkbox-100 (3).png,1728,2026-04-03T04:08:17.514062+00:00,.png,1c85337ed793deb3d28062c3cdd33f2e,,
/home/deepak/Downloads/WhatsApp Image 2026-02-21 at 11.54.21 PM(1).jpeg,63607,2026-02-21T19:03:46.283556+00:00,.jpeg,3a5e94c76ca3da9b05fec860de309f85,,
/home/deepak/Downloads/icons8-settings-100.png,4445,2026-02-14T04:35:40+00:00,.png,dc4cddfdc0177f5ca0b512dfc5721c60,,
/home/deepak/Downloads/hello.mp4,15729537,2026-02-12T11:35:28.259617+00:00,.mp4,fb4b5851bfc3d85f3f81f308e4f6aa63,,
/home/deepak/Downloads/WhatsApp Image 2026-03-25 at 10.53.21 PM.jpeg,56208,2026-03-26T10:53:54.001196+00:00,.jpeg,3ecc5584b611a3d959bf695782f8a474,,
/home/deepak/Downloads/flowChart.png,1460249,2026-04-16T05:27:49.917835+00:00,.png,7783c675767b36e054c90d8d63140882,,
/home/deepak/Downloads/ai-generated-1771064861201.png,399750,2026-02-14T10:27:41.217544+00:00,.png,afca141ed1ccf22dc9b14172dd9a10ce,,
/home/deepak/Downloads/Gemini_Generated_Image_7ut36u7ut36u7ut3.png,5775015,2026-03-03T06:56:13.907603+00:00,.png,5c333cc9d2bea4806054e0fe58335987,,
/home/deepak/Downloads/ai-generated-1770559498723.png,260167,2026-02-08T14:04:58.734731+00:00,.png,4548f586baaa190f10c233bcd4a774c1,,
/home/deepak/Downloads/ai-generated-1770559472535.png,130454,2026-02-08T14:04:32.544431+00:00,.png,c8cf4586a2b1e7efa620c103d4401d01,,
/home/deepak/Downloads/icons8-checkbox-100 (1).png,1595,2026-03-24T17:25:18.597232+00:00,.png,8151e09af93c5f68213aaf9c861e5354,,
/home/deepak/Downloads/pfp.png,125303,2026-03-26T10:38:04.606965+00:00,.png,c7c0d363a8d976b43d44d18a34a4fad5,,
/home/deepak/Downloads/notification-icon.png,94844,2026-02-08T14:09:51.106293+00:00,.png,62e8facaada6903b234bb8df418e0f08,,
/home/deepak/Downloads/logo.jpeg,20689,2026-01-31T09:05:02.878195+00:00,.jpeg,eacbe738ee7b9616e7bd1efcef441d84,,
/home/deepak/Downloads/61a354b7-d6cd-47cb-bdca-350dbc89fb00.jpeg,137656,2026-05-07T10:45:55.167506+00:00,.jpeg,8dfaa5622a27508f9a768c829071d463,,
/home/deepak/Downloads/favicon.png,103546,2026-02-08T14:12:35.542206+00:00,.png,bf52877fee1df11095310650b7eb662a,,
/home/deepak/Downloads/Gemini_Generated_Image_86mxg686mxg686mx (1).png,6330033,2026-03-24T18:04:26.497470+00:00,.png,4dea1b1f8659384b6246bc15dcc90f69,,
/home/deepak/Downloads/diagram-export-08-03-2026-23_06_07.png,126175,2026-03-08T17:36:07.447734+00:00,.png,eb19b5c6a2828cfb0826238c66263df2,,
/home/deepak/Downloads/WhatsApp Image 2026-03-25 at 10.53.21 PM (2).jpeg,52707,2026-03-26T10:54:07.423311+00:00,.jpeg,f2d65587e335e016870505b7ef093c6e,,
/home/deepak/Downloads/IMG_1783.PNG,1820449,2026-03-14T07:34:51.492690+00:00,.png,5b56fde6538eeb3157b3dbc5571f8bc8,,
/home/deepak/Downloads/Gemini_Generated_Image_yr2sdlyr2sdlyr2s.png,6226236,2026-03-25T17:01:48.008079+00:00,.png,bd93af710ca63bd124084abcc2d8100f,,
/home/deepak/Downloads/Gemini_Generated_Image_x7wlfzx7wlfzx7wl.png,6405913,2026-03-03T06:56:21.622711+00:00,.png,36ee3377a7e9e96ba359d444145b937f,,
/home/deepak/Downloads/ai-generated-1770558723557.png,222078,2026-02-08T13:52:03.565917+00:00,.png,7d1be0bda89b19e0084d6caf09904312,,
/home/deepak/Downloads/ai-generated-1770558761505.png,265448,2026-02-08T13:52:41.520242+00:00,.png,f5b2103955b653ad2fa1216951658a57,,
/home/deepak/Downloads/icons8-unchecked-checkbox-100 (2).png,1439,2026-03-25T18:05:15.571138+00:00,.png,930f22c74b00f83a39910dd9ff1479ba,,
/home/deepak/Downloads/Adobe Express - file.png,238998,2026-02-08T14:06:35.902270+00:00,.png,7241108ee065b0bb2476d36700dbf3b1,,
/home/deepak/Downloads/WhatsApp Image 2026-02-21 at 11.54.22 PM(1).jpeg,51453,2026-02-21T19:03:57.093244+00:00,.jpeg,a26361ec3c130ce18f6586244f84b05d,,
/home/deepak/Downloads/WhatsApp Audio 2026-02-11 at 10.00.11 PM.mp4,3513987,2026-02-11T16:30:33.714487+00:00,.mp4,e87a161b7c8b6a7e507fd2241d544fe6,,
/home/deepak/Downloads/icons8-checkbox-100 (2).png,1757,2026-03-25T18:04:56.151422+00:00,.png,7c89e08d1b8430ccb631dbe47189d696,,
/home/deepak/Downloads/Gemini_Generated_Image_86mxg686mxg686mx.png,5803041,2026-03-24T18:03:28.327065+00:00,.png,ffea6b8f08991a12952ca3db6206a5f7,,
/home/deepak/Downloads/icons8-unchecked-checkbox-100 (1).png,1443,2026-03-24T17:24:45.129184+00:00,.png,9e0030ec794cb716f9a20a6205c4abcb,,
/home/deepak/Downloads/hii.mp4,212436,2026-02-12T11:14:05.487966+00:00,.mp4,b1bc221be97afafc8315a4088be35548,,
/home/deepak/Downloads/WhatsApp Image 2026-03-25 at 10.53.21 PM (1).jpeg,62398,2026-03-26T10:54:03.327275+00:00,.jpeg,00ae47fe907020f51fe5374fafa32e82,,
/home/deepak/Downloads/WhatsApp Image 2026-03-25 at 10.53.22 PM.jpeg,52525,2026-03-26T10:54:11.000785+00:00,.jpeg,e599080702561f65c7a51b51ed4a3924,,
/home/deepak/Downloads/ai-generated-1770559753686.png,210064,2026-02-08T14:09:13.696851+00:00,.png,4e76fa2132cfb39582b0be66742da8b9,,
/home/deepak/Downloads/ai-generated-1771064850972.png,484576,2026-02-14T10:27:30.995265+00:00,.png,a4783d1e24cf06f674cefd5fca1f55fe,,
/home/deepak/Downloads/Gemini_Generated_Image_7w5x5j7w5x5j7w5x.png,6835857,2026-03-25T18:25:14.272195+00:00,.png,2fd462ad24a9be7639d85818d6d8a52c,,
/home/deepak/Downloads/Gemini_Generated_Image_rxj0herxj0herxj0.png,6352391,2026-03-03T06:56:14.882617+00:00,.png,0fd1aa1be5d85ae6bf5d068c7c152490,,
/home/deepak/Downloads/Gemini_Generated_Image_be0i45be0i45be0i.png,6374410,2026-03-24T17:19:50.612182+00:00,.png,db51de5bc6b9901f141de7abca82341c,,
/home/deepak/Downloads/Gemini_Generated_Image_jrtkjajrtkjajrtk.png,5733650,2026-03-24T17:28:50.970985+00:00,.png,9c8545eaf97b3d9315f0f49393b1d3ce,,
/home/deepak/Downloads/Gemini_Generated_Image_qa1rdjqa1rdjqa1r.png,1410482,2026-02-08T13:57:47.158409+00:00,.png,42df5abfe97e3d99ed86b8d2660bb1aa,,
/home/deepak/Downloads/ai-generated-1770558703217.png,231846,2026-02-08T13:51:43.233745+00:00,.png,569f4ffb1c18ad2bfa45a11aea56e35b,,
/home/deepak/Downloads/2026-05-14 00-32-35.mkv,6177033,2026-05-13T19:08:09.666531+00:00,.mkv,40d22e1b4a754044a6611616840ff122,,
/home/deepak/Downloads/icons8-lightning-100.png,1933,2026-02-14T10:19:58.359082+00:00,.png,da519afccd2efa48420d819b8a58e4a8,,
/home/deepak/Downloads/cat.mp4,3513987,2026-02-12T12:15:33.551937+00:00,.mp4,e87a161b7c8b6a7e507fd2241d544fe6,,
/home/deepak/Downloads/icons8-unchecked-checkbox-100.png,1429,2026-02-14T10:17:56.005930+00:00,.png,68dc124e0bc4387c98ad5f5290792638,,
/home/deepak/Downloads/Adobe Express - file (3).png,3894341,2026-03-25T17:04:02.678436+00:00,.png,fc52d14eec324bc5d855aab213232b11,,
/home/deepak/Downloads/ai-generated-1771700517015.png,340580,2026-02-21T19:01:57.040776+00:00,.png,fe27b1c56da988f295a67e7a7edc84fe,,
/home/deepak/Downloads/opencv-svgrepo-com.png,80570,2026-03-08T17:02:39.347263+00:00,.png,e474d11cde1bd614b364b2834170ab74,,
/home/deepak/Downloads/WhatsApp Image 2026-02-21 at 11.54.22 PM(2).jpeg,59686,2026-02-21T19:04:11.491829+00:00,.jpeg,cc49b9b63975d88fbd8c3b83c1be73f5,,
/home/deepak/Downloads/Gemini_Generated_Image_mh5c7jmh5c7jmh5c.png,6329383,2026-04-03T04:01:41.279362+00:00,.png,d0e92ef57a35f8957fd303c1d791d474,,
/home/deepak/Downloads/numpy-svgrepo-com.png,73039,2026-03-08T17:03:42.076854+00:00,.png,9ada808ff6a94025d6c33390c407487e,,
/home/deepak/Downloads/Gemini_Generated_Image_meu8nrmeu8nrmeu8.png,7395243,2026-03-26T18:14:14.500591+00:00,.png,b67d26f7ffc41af5b0ad677fa9692034,,
/home/deepak/Downloads/Gemini_Generated_Image_jrtkjajrtkjajrtk-removebg-preview.png,126569,2026-03-24T17:30:54.982537+00:00,.png,96acaca5d968de6426f84e9754fe7b2b,,
/home/deepak/Downloads/Adobe Express - file (1).png,3818875,2026-03-24T17:20:11.275621+00:00,.png,b924f52c769912e198d07458db6466d1,,
/home/deepak/Downloads/icons8-checkbox-100.png,1750,2026-02-14T10:17:29.534859+00:00,.png,41d824944fd15f23c5877028be2ec0ca,,
/home/deepak/Downloads/WhatsApp Image 2026-02-21 at 11.54.21 PM.jpeg,45972,2026-02-21T19:03:24.913177+00:00,.jpeg,f5324e4d6132e328cdd11ab179d13317,,
/home/deepak/Downloads/IMG_1783 (1).PNG,1820449,2026-04-30T05:22:27.587547+00:00,.png,5b56fde6538eeb3157b3dbc5571f8bc8,,
/home/deepak/Downloads/flowChart2.png,1109594,2026-04-16T05:20:01.510357+00:00,.png,48f35b92adbeb012d34cd2a9f2376f20,,
/home/deepak/Downloads/Screen Shot 2026-02-22 at 13.10.30.png,114041,2026-02-22T07:40:30.303934+00:00,.png,05560b8eab0db553cafbab09ee174246,,
/home/deepak/Downloads/Gemini_Generated_Image_8baliw8baliw8bal.png,5752089,2026-03-03T06:56:22.089718+00:00,.png,423ced30fed6a0b0f8cb2b1a1b147038,,
/home/deepak/Downloads/Gemini_Generated_Image_za5ay1za5ay1za5a.png,6564409,2026-04-09T18:03:35.338598+00:00,.png,3f40a3c965c5419be9f7c715b2c5e6d7,,
/home/deepak/Downloads/2026-01-20 17-44-28.mkv,2331206,2026-01-20T12:25:18.098927+00:00,.mkv,feb07e7a36e74f84482e81c24004c394,,
/home/deepak/Downloads/logo-removebg-preview.png,62835,2026-01-31T09:06:40.765903+00:00,.png,ad02d5047d821d85ec35d0afcb5629aa,,
/home/deepak/Downloads/icons8-share-100.png,4054,2026-02-14T10:04:31.368991+00:00,.png,93fd2f914f9aa0aad6dc978336b08516,,
/home/deepak/Downloads/Gemini_Generated_Image_7w5x5j7w5x5j7w5x (1).png,6667878,2026-03-25T18:26:07.726607+00:00,.png,99ace6c644d6a082f6732e50a7d3ed9a,,
/home/deepak/Downloads/Real ESRGAN NCNN-2026-05-11-135144.png,871483,2026-05-11T13:51:44.880844+00:00,.png,079e16894e08796180b3ad32d2f811f1,,
/home/deepak/Downloads/.test/test.png,0,2026-05-24T13:40:43.813978+00:00,.png,d41d8cd98f00b204e9800998ecf8427e,,
/home/deepak/Downloads/toucan-ui/assets/icon-view-CATRLg3f.png,43129,2026-05-08T06:32:52+00:00,.png,e26e2053af3fd4f494e7314aca6c4cf8,,
/home/deepak/Downloads/toucan-ui/assets/icon-column-BXonKDI5.png,33735,2026-05-08T06:32:52+00:00,.png,fb1efed0baa3073a01edea8b238f9558,,
/home/deepak/Downloads/toucan-ui/assets/AiIcon-white-BGUDvjVr.png,18841,2026-05-08T06:32:52+00:00,.png,8113982c5d21463ee1d81dc095c3c4a7,,
/home/deepak/Downloads/toucan-ui/assets/icon-code-C4LfZ-fm.png,37879,2026-05-08T06:32:52+00:00,.png,21beec011c0da024a276285af6dcdc58,,
/home/deepak/Downloads/toucan-ui/assets/icon-jobGroup-CWO72KMV.png,88904,2026-05-08T06:32:52+00:00,.png,3922fde6697584a6b038dd3322c7c0f4,,
/home/deepak/Downloads/toucan-ui/assets/icon-job-BkM2HzH0.png,55234,2026-05-08T06:32:52+00:00,.png,11d1782c73b5a221c6445d2228402fb3,,
/home/deepak/Downloads/toucan-ui/assets/icon-tag-BEAf9lWK.png,36507,2026-05-08T06:32:52+00:00,.png,c55cae32daa91427a8c462b92f0aad61,,
/home/deepak/Downloads/toucan-ui/assets/icon-sheet-c-9a37bT.png,27567,2026-05-08T06:32:52+00:00,.png,97d650d1d5f1b44e20ecd4c01fdacd79,,
/home/deepak/Downloads/toucan-ui/assets/icon-workflow-BYVNRtGJ.png,36704,2026-05-08T06:32:52+00:00,.png,b3242b0ef16aaee6bcfba4866b26b9d6,,
/home/deepak/Downloads/toucan-ui/assets/icon-dataMapping-Dnam1X7t.png,54194,2026-05-08T06:32:52+00:00,.png,b461ecdc3b3583573584a38950f73f74,,
/home/deepak/Downloads/toucan-ui/assets/icon-workbook-BUqFI3yz.png,35796,2026-05-08T06:32:52+00:00,.png,c14bc8992be6ebc8c9fa7a0e1faeeee6,,
/home/deepak/Downloads/toucan-ui/assets/infinity-BlKOk8ut.gif,258842,2026-05-08T06:32:52+00:00,.gif,db539150f25b1287de392b60ce902443,,
/home/deepak/Downloads/toucan-ui/assets/icon-story-DWHgwlww.png,32280,2026-05-08T06:32:52+00:00,.png,264a55b28ea7a87da9c16a50ff764c24,,
/home/deepak/Downloads/toucan-ui/assets/icon-report-K9BMq04s.png,23311,2026-05-08T06:32:52+00:00,.png,69a0d955a1c2f0deb457bd71686723b4,,
/home/deepak/Downloads/toucan-ui/assets/icon-synonym-DBbC4LBW.png,69704,2026-05-08T06:32:52+00:00,.png,5b06311c4c04c61fa643a4fc6cf81119,,
/home/deepak/Downloads/toucan-ui/assets/icon-file-DOrWr5Nt.png,34456,2026-05-08T06:32:52+00:00,.png,803d78d5468f65a977ae65c42d68e92a,,
/home/deepak/Downloads/toucan-ui/assets/icon-task-dVigjFb4.png,108347,2026-05-08T06:32:52+00:00,.png,bd4cbaaee686b1f8a8e69e3b4d2472c7,,
/home/deepak/Downloads/toucan-ui/assets/icon-unidentified-eC7mB5Ep.png,49512,2026-05-08T06:32:52+00:00,.png,cbab7b45c869269bda242e80ef34ac4d,,
/home/deepak/Downloads/toucan-ui/assets/icon-storyboard-vF6sCipb.png,20521,2026-05-08T06:32:52+00:00,.png,a396e1f76a036fe8a2b9fa42c7e26aab,,
/home/deepak/Downloads/toucan-ui/assets/icon-fileCollection-CrY-whlp.png,52697,2026-05-08T06:32:52+00:00,.png,9473d23e6e9971f1304764ffc412b5ae,,
/home/deepak/Downloads/toucan-ui/assets/icon-user-BMQDQAw3.png,48565,2026-05-08T06:32:52+00:00,.png,3697e7519ee8cd28e137679bfdde09c5,,
/home/deepak/Downloads/toucan-ui/assets/icon-all-CJJ-5J_V.png,15523,2026-05-08T06:32:52+00:00,.png,758821447964108fafc74c24b76cb77d,,
/home/deepak/Downloads/toucan-ui/assets/icon-proxy-DcFHE9BQ.png,70800,2026-05-08T06:32:52+00:00,.png,6501ce88e76e132d62edbbdd5ab4c316,,
/home/deepak/Downloads/toucan-ui/assets/icon-table-DfAi9tOb.png,30995,2026-05-08T06:32:52+00:00,.png,fdc3667e107df623e8e9a001831b919f,,
/home/deepak/Downloads/toucan-ui/assets/onix-logo-Cb_RWjBC.png,108963,2026-05-08T06:32:52+00:00,.png,a8f55cb07d902c5cc4a22b9029f62146,,
/home/deepak/Downloads/toucan-ui/assets/icon-dashboard-ChncDOny.png,17318,2026-05-08T06:32:52+00:00,.png,a8ae8f2592b381307ea01ac883b7b1fe,,
/home/deepak/Downloads/toucan-ui/resources/images/Condor.png,14467,2026-05-08T06:32:48+00:00,.png,f4df5e64774c5b1e6b188606a8177b13,,
/home/deepak/Downloads/toucan-ui/resources/images/Pelican.png,10507,2026-05-08T06:32:48+00:00,.png,3a2e8d187ffa32bd70e00b805eafcefb,,
/home/deepak/Downloads/toucan-ui/resources/images/Raven.png,12291,2026-05-08T06:32:48+00:00,.png,9edae90e724be38053e5a43b6ad8e5d5,,
/home/deepak/Downloads/toucan-ui/resources/images/product_logo.png,36811,2026-05-08T06:32:48+00:00,.png,81510865ce88eea39211785b5213d50f,,
/home/deepak/Downloads/toucan-ui/resources/images/AiIcon-dark.png,57432,2026-05-08T06:32:48+00:00,.png,cd0c06837ce149efe12fe6e154b89620,,
/home/deepak/Downloads/toucan-ui/resources/images/AiIcon.png,4344,2026-05-08T06:32:48+00:00,.png,6d613d8d35a0473d603870415403d348,,
/home/deepak/Downloads/toucan-ui/resources/images/Eagle.png,13627,2026-05-08T06:32:48+00:00,.png,58e0e3c254983864f4860b16f94930f2,,
/home/deepak/Downloads/toucan-ui/resources/images/onix.png,1244,2026-05-08T06:32:48+00:00,.png,e03072920b6e55bb31554f8f49de7a17,,
/home/deepak/Downloads/toucan-ui/resources/images/Kingfisher.png,16070,2026-05-08T06:32:48+00:00,.png,68775e1dc8e6e9d8f35643d28b70cc92,,
/home/deepak/Downloads/toucan-ui/resources/images/wingspan_product_logo.png,84123,2026-05-08T06:32:48+00:00,.png,849d94bfc0c7f4845aad5e90d54bf0d1,,
/home/deepak/Downloads/toucan-ui/resources/images/product_logo_circle.png,41141,2026-05-08T06:32:48+00:00,.png,7f2d156736cb64f70d492b7b7f62a523,,
/home/deepak/Downloads/toucan-ui/resources/images/AiIcon-white.png,18841,2026-05-08T06:32:48+00:00,.png,8113982c5d21463ee1d81dc095c3c4a7,,
/home/deepak/Downloads/toucan-ui/resources/images/infinity.gif,258842,2026-05-08T06:32:48+00:00,.gif,db539150f25b1287de392b60ce902443,,
/home/deepak/Downloads/toucan-ui/resources/images/bird-profile-images/condor_profile.png,3610,2026-05-08T06:32:48+00:00,.png,accb4a60a889bab7d125f5d06fb581d5,,
/home/deepak/Downloads/toucan-ui/resources/images/bird-profile-images/raven_profile.png,3271,2026-05-08T06:32:48+00:00,.png,b4d5feb6df852d0499a5e5e68f07842f,,
/home/deepak/Downloads/toucan-ui/resources/images/bird-profile-images/pelican_profile.png,3400,2026-05-08T06:32:48+00:00,.png,ad36d16efbce1e1f4520d7a1bb973111,,
/home/deepak/Downloads/toucan-ui/resources/images/bird-profile-images/kingfisher_profile.png,4086,2026-05-08T06:32:48+00:00,.png,3391bd45f83e1b65942e7a79a5853d7e,,
/home/deepak/Downloads/toucan-ui/resources/images/bird-profile-images/eagle_profile.png,3574,2026-05-08T06:32:48+00:00,.png,8c6fe8e99f25cf398864e87283be04c0,,
